{
    "version": "0.4",
    "title": "Coming Soon",
    "type": "page",
    "metadata": {
        "template_type": "single-page",
        "include_in_zip": "1",
        "elementor_pro_required": null,
        "wp_page_template": "elementor_canvas"
    },
    "content": [
        {
            "id": "115211e2",
            "settings": {
                "height": "full",
                "content_position": "middle",
                "background_background": "classic",
                "background_image": {
                    "url": "https:\/\/demo.balikucreative.com\/bello\/wp-content\/uploads\/2020\/12\/dallas-texas_t20_rO80EX.jpg",
                    "id": 1510
                },
                "background_position": "bottom center",
                "background_size": "cover",
                "background_overlay_background": "classic",
                "background_overlay_color": "#151515",
                "background_overlay_opacity": {
                    "unit": "px",
                    "size": 0.8,
                    "sizes": []
                },
                "layout": "full_width",
                "padding_mobile": {
                    "unit": "px",
                    "top": "20",
                    "right": "20",
                    "bottom": "20",
                    "left": "20",
                    "isLinked": true
                }
            },
            "elements": [
                {
                    "id": "59742900",
                    "settings": {
                        "_column_size": 100,
                        "_inline_size": null,
                        "content_position": "center",
                        "align": "center",
                        "padding": {
                            "unit": "px",
                            "top": "0",
                            "right": "0",
                            "bottom": "0",
                            "left": "0",
                            "isLinked": true
                        }
                    },
                    "elements": [
                        {
                            "id": "73e8a468",
                            "settings": {
                                "title": "Coming soon!",
                                "align": "center",
                                "typography_typography": "custom",
                                "typography_font_family": "Oswald",
                                "typography_font_size": {
                                    "unit": "px",
                                    "size": 92,
                                    "sizes": []
                                },
                                "typography_font_size_tablet": {
                                    "unit": "px",
                                    "size": 42,
                                    "sizes": []
                                },
                                "typography_font_weight": "800",
                                "typography_text_transform": "uppercase",
                                "typography_letter_spacing": {
                                    "unit": "px",
                                    "size": 1,
                                    "sizes": []
                                },
                                "_animation": "fadeInUp",
                                "_animation_delay": 100,
                                "__globals__": {
                                    "title_color": "globals\/colors?id=1d351362"
                                }
                            },
                            "elements": [],
                            "isInner": false,
                            "widgetType": "heading",
                            "elType": "widget"
                        },
                        {
                            "id": "1c2379b1",
                            "settings": {
                                "width": {
                                    "unit": "%",
                                    "size": 10,
                                    "sizes": []
                                },
                                "align": "center",
                                "text": "Divider",
                                "color": "#FFC006",
                                "weight": {
                                    "unit": "px",
                                    "size": 8,
                                    "sizes": []
                                },
                                "gap": {
                                    "unit": "px",
                                    "size": "",
                                    "sizes": []
                                },
                                "_margin": {
                                    "unit": "px",
                                    "top": "0",
                                    "right": "0",
                                    "bottom": "0",
                                    "left": "0",
                                    "isLinked": true
                                },
                                "_padding": {
                                    "unit": "px",
                                    "top": "0",
                                    "right": "0",
                                    "bottom": "0",
                                    "left": "0",
                                    "isLinked": true
                                },
                                "_animation": "fadeInUp",
                                "_animation_delay": 200
                            },
                            "elements": [],
                            "isInner": false,
                            "widgetType": "divider",
                            "elType": "widget"
                        },
                        {
                            "id": "328bd346",
                            "settings": {
                                "eael_countdown_due_time": "2021-10-18 00:00",
                                "eael_countdown_days_label": "Days",
                                "eael_countdown_hours_label": "Hours",
                                "eael_countdown_minutes_label": "Minutes",
                                "eael_countdown_seconds_label": "Seconds",
                                "countdown_expiry_text_title": "Countdown is finished!",
                                "countdown_expiry_redirection": "#",
                                "eael_countdown_box_padding": {
                                    "unit": "px",
                                    "top": "30",
                                    "right": "10",
                                    "bottom": "30",
                                    "left": "10",
                                    "isLinked": false
                                },
                                "eael_countdown_digit_typography_typography": "custom",
                                "eael_countdown_digit_typography_font_family": "Oswald",
                                "eael_countdown_digit_typography_font_size": {
                                    "unit": "px",
                                    "size": 62,
                                    "sizes": []
                                },
                                "eael_countdown_digit_typography_font_weight": "900",
                                "eael_countdown_label_color": "#FFFFFF",
                                "eael_countdown_label_typography_typography": "custom",
                                "eael_countdown_label_typography_font_family": "Open Sans",
                                "eael_countdown_label_typography_font_size": {
                                    "unit": "px",
                                    "size": 14,
                                    "sizes": []
                                },
                                "eael_countdown_background": "rgba(21, 21, 21, 0.55)",
                                "eael_countdown_spacing": {
                                    "unit": "px",
                                    "size": 5,
                                    "sizes": []
                                },
                                "eael_countdown_box_border_radius": {
                                    "unit": "px",
                                    "top": "10",
                                    "right": "10",
                                    "bottom": "10",
                                    "left": "10",
                                    "isLinked": true
                                },
                                "_element_width": "initial",
                                "_element_custom_width": {
                                    "unit": "px",
                                    "size": 600,
                                    "sizes": []
                                },
                                "countdown_expire_type": "text",
                                "eael_countdown_container_margin_bottom": {
                                    "unit": "px",
                                    "size": "",
                                    "sizes": []
                                },
                                "_padding": {
                                    "unit": "px",
                                    "top": "20",
                                    "right": "20",
                                    "bottom": "20",
                                    "left": "20",
                                    "isLinked": true
                                },
                                "_animation": "fadeInUp",
                                "_animation_delay": 200,
                                "eael_countdown_label_view_tablet": "eael-countdown-label-block",
                                "eael_countdown_label_view_mobile": "eael-countdown-label-block",
                                "eael_countdown_label_padding_left": {
                                    "unit": "px",
                                    "size": 38,
                                    "sizes": []
                                },
                                "eael_countdown_alignment_tablet": "center",
                                "eael_countdown_alignment_mobile": "center",
                                "eael_countdown_digit_typography_font_size_mobile": {
                                    "unit": "px",
                                    "size": 22,
                                    "sizes": []
                                },
                                "eael_countdown_label_typography_font_size_mobile": {
                                    "unit": "px",
                                    "size": 10,
                                    "sizes": []
                                },
                                "eael_countdown_label_typography_line_height": {
                                    "unit": "em",
                                    "size": 3,
                                    "sizes": []
                                },
                                "eael_countdown_label_typography_line_height_tablet": {
                                    "unit": "em",
                                    "size": 3,
                                    "sizes": []
                                },
                                "eael_countdown_label_typography_line_height_mobile": {
                                    "unit": "em",
                                    "size": 3,
                                    "sizes": []
                                }
                            },
                            "elements": [],
                            "isInner": false,
                            "widgetType": "eael-countdown",
                            "elType": "widget"
                        },
                        {
                            "id": "4a5d6e",
                            "settings": {
                                "title": "<strong>Bello<\/strong> is a Creative, Modern and Professional Real Estate Elementor Kits Template.",
                                "align": "center",
                                "title_color": "#FFFFFF",
                                "typography_typography": "custom",
                                "typography_font_family": "Open Sans",
                                "typography_font_size": {
                                    "unit": "px",
                                    "size": 16,
                                    "sizes": []
                                },
                                "typography_font_size_mobile": {
                                    "unit": "px",
                                    "size": 16,
                                    "sizes": []
                                },
                                "_margin": {
                                    "unit": "px",
                                    "top": "0",
                                    "right": "0",
                                    "bottom": "0",
                                    "left": "0",
                                    "isLinked": true
                                },
                                "_padding": {
                                    "unit": "px",
                                    "top": "50",
                                    "right": "50",
                                    "bottom": "50",
                                    "left": "50",
                                    "isLinked": true
                                },
                                "typography_font_weight": "300",
                                "_animation": "fadeInDown",
                                "_animation_delay": 200,
                                "align_mobile": "center",
                                "_margin_tablet": {
                                    "unit": "px",
                                    "top": "0",
                                    "right": "0",
                                    "bottom": "0",
                                    "left": "0",
                                    "isLinked": true
                                },
                                "_margin_mobile": {
                                    "unit": "px",
                                    "top": "0",
                                    "right": "0",
                                    "bottom": "0",
                                    "left": "0",
                                    "isLinked": true
                                },
                                "_padding_tablet": {
                                    "unit": "px",
                                    "top": "20",
                                    "right": "20",
                                    "bottom": "20",
                                    "left": "20",
                                    "isLinked": true
                                },
                                "_padding_mobile": {
                                    "unit": "px",
                                    "top": "20",
                                    "right": "20",
                                    "bottom": "20",
                                    "left": "20",
                                    "isLinked": true
                                }
                            },
                            "elements": [],
                            "isInner": false,
                            "widgetType": "heading",
                            "elType": "widget"
                        },
                        {
                            "id": "5f62d356",
                            "settings": {
                                "social_icon_list": [
                                    {
                                        "social_icon": {
                                            "value": "fab fa-facebook",
                                            "library": "fa-brands"
                                        },
                                        "_id": "c03a0f9"
                                    },
                                    {
                                        "social_icon": {
                                            "value": "fab fa-twitter",
                                            "library": "fa-brands"
                                        },
                                        "_id": "41b65e4"
                                    },
                                    {
                                        "social_icon": {
                                            "value": "fab fa-youtube",
                                            "library": "fa-brands"
                                        },
                                        "_id": "31f68dc"
                                    },
                                    {
                                        "social_icon": {
                                            "value": "fab fa-instagram",
                                            "library": "fa-brands"
                                        },
                                        "_id": "712632b"
                                    },
                                    {
                                        "social_icon": {
                                            "value": "fab fa-whatsapp",
                                            "library": "fa-brands"
                                        },
                                        "_id": "56c9f6e"
                                    }
                                ],
                                "icon_color": "custom",
                                "icon_primary_color": "rgba(255, 192, 6, 0)",
                                "icon_size": {
                                    "unit": "px",
                                    "size": 42,
                                    "sizes": []
                                },
                                "icon_size_mobile": {
                                    "unit": "px",
                                    "size": 22,
                                    "sizes": []
                                },
                                "icon_padding": {
                                    "unit": "em",
                                    "size": 0.5,
                                    "sizes": []
                                },
                                "icon_spacing": {
                                    "unit": "px",
                                    "size": 2,
                                    "sizes": []
                                },
                                "_margin": {
                                    "unit": "px",
                                    "top": "0",
                                    "right": "0",
                                    "bottom": "0",
                                    "left": "0",
                                    "isLinked": true
                                },
                                "_padding": {
                                    "unit": "px",
                                    "top": "0",
                                    "right": "0",
                                    "bottom": "0",
                                    "left": "0",
                                    "isLinked": true
                                },
                                "icon_size_tablet": {
                                    "unit": "px",
                                    "size": 32,
                                    "sizes": []
                                },
                                "icon_padding_tablet": {
                                    "unit": "em",
                                    "size": 0.5,
                                    "sizes": []
                                },
                                "icon_spacing_tablet": {
                                    "unit": "px",
                                    "size": 10,
                                    "sizes": []
                                },
                                "_animation": "fadeInUp",
                                "_animation_delay": 300,
                                "__globals__": {
                                    "icon_secondary_color": "globals\/colors?id=1d351362"
                                }
                            },
                            "elements": [],
                            "isInner": false,
                            "widgetType": "social-icons",
                            "elType": "widget"
                        },
                        {
                            "id": "724a4d4e",
                            "settings": {
                                "selected_icon": {
                                    "value": "icon icon-right-arrow2",
                                    "library": "ekiticons"
                                },
                                "title_text": "Back to Home",
                                "description_text": "",
                                "link": {
                                    "url": "#",
                                    "is_external": "",
                                    "nofollow": "",
                                    "custom_attributes": ""
                                },
                                "position": "right",
                                "title_size": "div",
                                "hover_animation": "wobble-horizontal",
                                "icon_size": {
                                    "unit": "px",
                                    "size": 14,
                                    "sizes": []
                                },
                                "text_align": "center",
                                "content_vertical_alignment": "middle",
                                "title_typography_typography": "custom",
                                "title_typography_font_family": "Open Sans",
                                "title_typography_font_size": {
                                    "unit": "px",
                                    "size": 14,
                                    "sizes": []
                                },
                                "_element_width": "initial",
                                "_element_custom_width": {
                                    "unit": "px",
                                    "size": 125,
                                    "sizes": []
                                },
                                "_element_vertical_align": "center",
                                "__globals__": {
                                    "primary_color": "globals\/colors?id=1d351362",
                                    "title_color": "globals\/colors?id=1d351362"
                                }
                            },
                            "elements": [],
                            "isInner": false,
                            "widgetType": "icon-box",
                            "elType": "widget"
                        }
                    ],
                    "isInner": false,
                    "elType": "column"
                }
            ],
            "isInner": false,
            "elType": "section"
        }
    ],
    "page_settings": {
        "eael_ext_toc_title": "Table of Contents",
        "background_background": "classic",
        "background_color": "#FFFFFF",
        "template": "elementor_canvas"
    }
}