{
    "version": "0.4",
    "title": "Footer",
    "type": "section",
    "metadata": {
        "template_type": "section-footer",
        "include_in_zip": "1",
        "elementor_pro_required": null,
        "wp_page_template": "elementor_canvas"
    },
    "content": [
        {
            "id": "1acefe86",
            "settings": {
                "structure": "40",
                "background_background": "classic",
                "padding": {
                    "unit": "px",
                    "top": "50",
                    "right": "50",
                    "bottom": "50",
                    "left": "50",
                    "isLinked": false
                },
                "animation_delay": 100,
                "__globals__": {
                    "background_color": ""
                },
                "padding_mobile": {
                    "unit": "px",
                    "top": "20",
                    "right": "20",
                    "bottom": "20",
                    "left": "20",
                    "isLinked": true
                },
                "z_index": 9,
                "background_color": "#1A1A1A"
            },
            "elements": [
                {
                    "id": "39fb673d",
                    "settings": {
                        "_column_size": 25,
                        "_inline_size": null,
                        "space_between_widgets": 0,
                        "padding": {
                            "unit": "px",
                            "top": "20",
                            "right": "20",
                            "bottom": "20",
                            "left": "20",
                            "isLinked": true
                        },
                        "animation": "fadeInUp"
                    },
                    "elements": [
                        {
                            "id": "13a1485d",
                            "settings": {
                                "image": {
                                    "url": "https:\/\/demo.balikucreative.com\/bello\/wp-content\/uploads\/2020\/12\/bello-01-4.png",
                                    "id": 1281
                                },
                                "align": "left",
                                "width": {
                                    "unit": "%",
                                    "size": 45,
                                    "sizes": []
                                },
                                "align_mobile": "center"
                            },
                            "elements": [],
                            "isInner": false,
                            "widgetType": "image",
                            "elType": "widget"
                        },
                        {
                            "id": "7fc1e3f",
                            "settings": {
                                "typography_typography": "custom",
                                "typography_font_family": "Open Sans",
                                "typography_font_size": {
                                    "unit": "px",
                                    "size": 14,
                                    "sizes": []
                                },
                                "__globals__": {
                                    "text_color": "globals\/colors?id=e824321"
                                },
                                "align_mobile": "center"
                            },
                            "elements": [],
                            "isInner": false,
                            "widgetType": "text-editor",
                            "elType": "widget"
                        },
                        {
                            "id": "5d4958ff",
                            "settings": {
                                "ekit_socialmedia_add_icons": [
                                    {
                                        "ekit_socialmedia_label": "Facebook",
                                        "ekit_socialmedia_icon_hover_bg_color": "",
                                        "_id": "eba2fd3",
                                        "ekit_socialmedia_link": {
                                            "url": "#",
                                            "is_external": "",
                                            "nofollow": "",
                                            "custom_attributes": ""
                                        },
                                        "__globals__": {
                                            "ekit_socialmedia_icon_color": "globals\/colors?id=e824321",
                                            "ekit_socialmedia_icon_hover_color": "globals\/colors?id=primary"
                                        }
                                    },
                                    {
                                        "ekit_socialmedia_icons": {
                                            "value": "icon icon-twitter",
                                            "library": "ekiticons"
                                        },
                                        "ekit_socialmedia_label": "Twitter",
                                        "ekit_socialmedia_icon_hover_bg_color": "",
                                        "ekit_socialmedia_link": {
                                            "url": "#",
                                            "is_external": "",
                                            "nofollow": "",
                                            "custom_attributes": ""
                                        },
                                        "_id": "81a2e9a",
                                        "__globals__": {
                                            "ekit_socialmedia_icon_color": "globals\/colors?id=e824321",
                                            "ekit_socialmedia_icon_hover_color": "globals\/colors?id=primary"
                                        }
                                    },
                                    {
                                        "ekit_socialmedia_icons": {
                                            "value": "fab fa-behance",
                                            "library": "fa-brands"
                                        },
                                        "ekit_socialmedia_label": "behance",
                                        "ekit_socialmedia_icon_hover_bg_color": "",
                                        "_id": "fa3807e",
                                        "ekit_socialmedia_link": {
                                            "url": "#",
                                            "is_external": "",
                                            "nofollow": "",
                                            "custom_attributes": ""
                                        },
                                        "__globals__": {
                                            "ekit_socialmedia_icon_color": "globals\/colors?id=e824321",
                                            "ekit_socialmedia_icon_hover_color": "globals\/colors?id=primary"
                                        }
                                    },
                                    {
                                        "ekit_socialmedia_icons": {
                                            "value": "fab fa-pinterest-p",
                                            "library": "fa-brands"
                                        },
                                        "ekit_socialmedia_label": "pinterest",
                                        "ekit_socialmedia_icon_hover_bg_color": "",
                                        "ekit_socialmedia_link": {
                                            "url": "#",
                                            "is_external": "",
                                            "nofollow": "",
                                            "custom_attributes": ""
                                        },
                                        "_id": "72d0db6",
                                        "__globals__": {
                                            "ekit_socialmedia_icon_color": "globals\/colors?id=e824321",
                                            "ekit_socialmedia_icon_hover_color": "globals\/colors?id=primary"
                                        }
                                    }
                                ],
                                "ekit_socialmedai_list_item_align": "right",
                                "ekit_socialmedai_list_icon_size": {
                                    "unit": "px",
                                    "size": 14,
                                    "sizes": []
                                },
                                "ekit_socialmedai_list_width": {
                                    "unit": "px",
                                    "size": 15,
                                    "sizes": []
                                },
                                "_margin": {
                                    "unit": "px",
                                    "top": "0",
                                    "right": "0",
                                    "bottom": "0",
                                    "left": "0",
                                    "isLinked": true
                                },
                                "_padding": {
                                    "unit": "px",
                                    "top": "0",
                                    "right": "0",
                                    "bottom": "0",
                                    "left": "0",
                                    "isLinked": true
                                },
                                "_animation": "fadeInDown",
                                "_animation_delay": 400,
                                "ekit_socialmedai_list_align": "left"
                            },
                            "elements": [],
                            "isInner": false,
                            "widgetType": "elementskit-social-media",
                            "elType": "widget"
                        }
                    ],
                    "isInner": false,
                    "elType": "column"
                },
                {
                    "id": "12b00ea1",
                    "settings": {
                        "_column_size": 25,
                        "_inline_size": null,
                        "padding": {
                            "unit": "px",
                            "top": "20",
                            "right": "20",
                            "bottom": "20",
                            "left": "20",
                            "isLinked": true
                        },
                        "animation": "fadeInUp"
                    },
                    "elements": [
                        {
                            "id": "64622efc",
                            "settings": {
                                "title": "Explore",
                                "typography_typography": "custom",
                                "typography_font_family": "Oswald",
                                "typography_font_size": {
                                    "unit": "px",
                                    "size": 24,
                                    "sizes": []
                                },
                                "__globals__": {
                                    "title_color": "globals\/colors?id=13f2bc78"
                                },
                                "align_mobile": "center"
                            },
                            "elements": [],
                            "isInner": false,
                            "widgetType": "heading",
                            "elType": "widget"
                        },
                        {
                            "id": "7d98dda7",
                            "settings": {
                                "icon_list": [
                                    {
                                        "text": "Home",
                                        "selected_icon": {
                                            "value": "",
                                            "library": ""
                                        },
                                        "link": {
                                            "url": "#",
                                            "is_external": "",
                                            "nofollow": "",
                                            "custom_attributes": ""
                                        },
                                        "_id": "8fb2928"
                                    },
                                    {
                                        "text": "About Us",
                                        "selected_icon": {
                                            "value": "",
                                            "library": ""
                                        },
                                        "_id": "e1f1ddc",
                                        "link": {
                                            "url": "#",
                                            "is_external": "",
                                            "nofollow": "",
                                            "custom_attributes": ""
                                        }
                                    },
                                    {
                                        "text": "Service",
                                        "selected_icon": {
                                            "value": "",
                                            "library": ""
                                        },
                                        "link": {
                                            "url": "#",
                                            "is_external": "",
                                            "nofollow": "",
                                            "custom_attributes": ""
                                        },
                                        "_id": "c5bbb02"
                                    },
                                    {
                                        "text": "Contact",
                                        "selected_icon": {
                                            "value": "",
                                            "library": ""
                                        },
                                        "link": {
                                            "url": "#",
                                            "is_external": "",
                                            "nofollow": "",
                                            "custom_attributes": ""
                                        },
                                        "_id": "f900326"
                                    },
                                    {
                                        "text": "Project",
                                        "selected_icon": {
                                            "value": "",
                                            "library": ""
                                        },
                                        "link": {
                                            "url": "#",
                                            "is_external": "",
                                            "nofollow": "",
                                            "custom_attributes": ""
                                        },
                                        "_id": "4e15519"
                                    }
                                ],
                                "space_between": {
                                    "unit": "px",
                                    "size": 10,
                                    "sizes": []
                                },
                                "icon_typography_typography": "custom",
                                "icon_typography_font_family": "Open Sans",
                                "icon_typography_font_size": {
                                    "unit": "px",
                                    "size": 14,
                                    "sizes": []
                                },
                                "__globals__": {
                                    "icon_color": "globals\/colors?id=1d351362",
                                    "text_color": "globals\/colors?id=e824321",
                                    "text_color_hover": ""
                                },
                                "icon_align_mobile": "center"
                            },
                            "elements": [],
                            "isInner": false,
                            "widgetType": "icon-list",
                            "elType": "widget"
                        }
                    ],
                    "isInner": false,
                    "elType": "column"
                },
                {
                    "id": "76807f3b",
                    "settings": {
                        "_column_size": 25,
                        "_inline_size": null,
                        "padding": {
                            "unit": "px",
                            "top": "20",
                            "right": "20",
                            "bottom": "20",
                            "left": "20",
                            "isLinked": true
                        },
                        "animation": "fadeInUp"
                    },
                    "elements": [
                        {
                            "id": "55723411",
                            "settings": {
                                "title": "Quick Links",
                                "typography_typography": "custom",
                                "typography_font_family": "Oswald",
                                "typography_font_size": {
                                    "unit": "px",
                                    "size": 24,
                                    "sizes": []
                                },
                                "__globals__": {
                                    "title_color": "globals\/colors?id=primary"
                                },
                                "align_mobile": "center"
                            },
                            "elements": [],
                            "isInner": false,
                            "widgetType": "heading",
                            "elType": "widget"
                        },
                        {
                            "id": "63ad8358",
                            "settings": {
                                "icon_list": [
                                    {
                                        "text": "Privacy Police",
                                        "selected_icon": {
                                            "value": "",
                                            "library": ""
                                        },
                                        "_id": "e1f1ddc",
                                        "link": {
                                            "url": "#",
                                            "is_external": "",
                                            "nofollow": "",
                                            "custom_attributes": ""
                                        }
                                    },
                                    {
                                        "text": "Term Of Service",
                                        "selected_icon": {
                                            "value": "",
                                            "library": ""
                                        },
                                        "link": {
                                            "url": "#",
                                            "is_external": "",
                                            "nofollow": "",
                                            "custom_attributes": ""
                                        },
                                        "_id": "c5bbb02"
                                    },
                                    {
                                        "text": "FAQ",
                                        "selected_icon": {
                                            "value": "",
                                            "library": ""
                                        },
                                        "link": {
                                            "url": "#",
                                            "is_external": "",
                                            "nofollow": "",
                                            "custom_attributes": ""
                                        },
                                        "_id": "8fb2928"
                                    },
                                    {
                                        "text": "Credits",
                                        "selected_icon": {
                                            "value": "",
                                            "library": ""
                                        },
                                        "link": {
                                            "url": "#",
                                            "is_external": "",
                                            "nofollow": "",
                                            "custom_attributes": ""
                                        },
                                        "_id": "f900326"
                                    },
                                    {
                                        "text": "Disclaimer",
                                        "selected_icon": {
                                            "value": "",
                                            "library": ""
                                        },
                                        "link": {
                                            "url": "#",
                                            "is_external": "",
                                            "nofollow": "",
                                            "custom_attributes": ""
                                        },
                                        "_id": "4e15519"
                                    }
                                ],
                                "space_between": {
                                    "unit": "px",
                                    "size": 10,
                                    "sizes": []
                                },
                                "icon_typography_typography": "custom",
                                "icon_typography_font_family": "Open Sans",
                                "icon_typography_font_size": {
                                    "unit": "px",
                                    "size": 14,
                                    "sizes": []
                                },
                                "__globals__": {
                                    "icon_color": "globals\/colors?id=1d351362",
                                    "text_color": "globals\/colors?id=e824321",
                                    "text_color_hover": ""
                                },
                                "icon_align_mobile": "center"
                            },
                            "elements": [],
                            "isInner": false,
                            "widgetType": "icon-list",
                            "elType": "widget"
                        }
                    ],
                    "isInner": false,
                    "elType": "column"
                },
                {
                    "id": "1a605e2c",
                    "settings": {
                        "_column_size": 25,
                        "_inline_size": null,
                        "padding": {
                            "unit": "px",
                            "top": "20",
                            "right": "20",
                            "bottom": "20",
                            "left": "20",
                            "isLinked": true
                        },
                        "animation": "fadeInUp"
                    },
                    "elements": [
                        {
                            "id": "3c04c211",
                            "settings": {
                                "title": "Latest Projects",
                                "typography_typography": "custom",
                                "typography_font_family": "Oswald",
                                "typography_font_size": {
                                    "unit": "px",
                                    "size": 24,
                                    "sizes": []
                                },
                                "__globals__": {
                                    "title_color": "globals\/colors?id=13f2bc78"
                                },
                                "align_mobile": "center"
                            },
                            "elements": [],
                            "isInner": false,
                            "widgetType": "heading",
                            "elType": "widget"
                        },
                        {
                            "id": "58ba2e8e",
                            "settings": {
                                "eael_fg_items_to_show": 6,
                                "eael_fg_filter_duration": 500,
                                "columns_mobile": "3",
                                "eael_fg_grid_item_height": "80",
                                "eael_fg_show_popup": "none",
                                "eael_section_fg_full_image_clickable": "yes",
                                "filter_enable": "",
                                "eael_fg_all_label_text": "All",
                                "eael_fg_controls": [
                                    {
                                        "eael_fg_control": "Gallery Item",
                                        "_id": "7a3ceb2"
                                    }
                                ],
                                "eael_fg_gallery_items": [
                                    {
                                        "eael_fg_gallery_item_name": "",
                                        "_id": "0b0f3bf",
                                        "fg_video_gallery_switch": "false",
                                        "eael_fg_gallery_item_video_link": "https:\/\/www.youtube.com\/watch?v=kB4U67tiQLA",
                                        "eael_fg_gallery_control_name": "",
                                        "fg_item_price_switch": "false",
                                        "fg_item_price": "$20.00",
                                        "fg_item_ratings_switch": "false",
                                        "fg_item_ratings": "5",
                                        "fg_item_cat_switch": "false",
                                        "fg_item_cat": "Essential Addons",
                                        "eael_fg_gallery_item_content": "",
                                        "eael_fg_gallery_img": {
                                            "url": "https:\/\/demo.balikucreative.com\/bello\/wp-content\/uploads\/2020\/12\/sunrise-in-dallas_t20_AeEx9W.jpg",
                                            "id": 1528
                                        },
                                        "fg_video_gallery_play_icon": {
                                            "url": "https:\/\/demo.balikucreative.com\/bello\/wp-content\/plugins\/essential-addons-for-elementor-lite\/assets\/front-end\/img\/play-icon.png",
                                            "id": ""
                                        },
                                        "eael_fg_gallery_lightbox": "true",
                                        "eael_fg_gallery_link": "true",
                                        "eael_fg_gallery_img_link": {
                                            "url": "#",
                                            "is_external": "",
                                            "nofollow": "",
                                            "custom_attributes": ""
                                        }
                                    },
                                    {
                                        "eael_fg_gallery_item_name": "",
                                        "fg_video_gallery_switch": "false",
                                        "eael_fg_gallery_item_video_link": "https:\/\/www.youtube.com\/watch?v=kB4U67tiQLA",
                                        "eael_fg_gallery_control_name": "",
                                        "fg_item_price_switch": "false",
                                        "fg_item_price": "$20.00",
                                        "fg_item_ratings_switch": "false",
                                        "fg_item_ratings": "5",
                                        "fg_item_cat_switch": "false",
                                        "fg_item_cat": "Essential Addons",
                                        "eael_fg_gallery_item_content": "",
                                        "eael_fg_gallery_img": {
                                            "url": "https:\/\/demo.balikucreative.com\/bello\/wp-content\/uploads\/2020\/12\/new-york-city-skyline_t20_LA9oEn.jpg",
                                            "id": 1521
                                        },
                                        "fg_video_gallery_play_icon": {
                                            "url": "https:\/\/demo.balikucreative.com\/bello\/wp-content\/plugins\/essential-addons-for-elementor-lite\/assets\/front-end\/img\/play-icon.png",
                                            "id": ""
                                        },
                                        "eael_fg_gallery_lightbox": "true",
                                        "eael_fg_gallery_link": "true",
                                        "eael_fg_gallery_img_link": {
                                            "url": "#",
                                            "is_external": "",
                                            "nofollow": "",
                                            "custom_attributes": ""
                                        },
                                        "_id": "c2eb7ba"
                                    },
                                    {
                                        "eael_fg_gallery_item_name": "",
                                        "fg_video_gallery_switch": "false",
                                        "eael_fg_gallery_item_video_link": "https:\/\/www.youtube.com\/watch?v=kB4U67tiQLA",
                                        "eael_fg_gallery_control_name": "",
                                        "fg_item_price_switch": "false",
                                        "fg_item_price": "$20.00",
                                        "fg_item_ratings_switch": "false",
                                        "fg_item_ratings": "5",
                                        "fg_item_cat_switch": "false",
                                        "fg_item_cat": "Essential Addons",
                                        "eael_fg_gallery_item_content": "",
                                        "eael_fg_gallery_img": {
                                            "url": "https:\/\/demo.balikucreative.com\/bello\/wp-content\/uploads\/2020\/12\/cityscapes_t20_RljlkQ.jpg",
                                            "id": 1509
                                        },
                                        "fg_video_gallery_play_icon": {
                                            "url": "https:\/\/demo.balikucreative.com\/bello\/wp-content\/plugins\/essential-addons-for-elementor-lite\/assets\/front-end\/img\/play-icon.png",
                                            "id": ""
                                        },
                                        "eael_fg_gallery_lightbox": "true",
                                        "eael_fg_gallery_link": "true",
                                        "eael_fg_gallery_img_link": {
                                            "url": "#",
                                            "is_external": "",
                                            "nofollow": "",
                                            "custom_attributes": ""
                                        },
                                        "_id": "7dcd560"
                                    },
                                    {
                                        "eael_fg_gallery_item_name": "",
                                        "fg_video_gallery_switch": "false",
                                        "eael_fg_gallery_item_video_link": "https:\/\/www.youtube.com\/watch?v=kB4U67tiQLA",
                                        "eael_fg_gallery_control_name": "",
                                        "fg_item_price_switch": "false",
                                        "fg_item_price": "$20.00",
                                        "fg_item_ratings_switch": "false",
                                        "fg_item_ratings": "5",
                                        "fg_item_cat_switch": "false",
                                        "fg_item_cat": "Essential Addons",
                                        "eael_fg_gallery_item_content": "",
                                        "eael_fg_gallery_img": {
                                            "url": "https:\/\/demo.balikucreative.com\/bello\/wp-content\/uploads\/2020\/12\/PQyQeN_t20_pYwYke.jpg",
                                            "id": 1523
                                        },
                                        "fg_video_gallery_play_icon": {
                                            "url": "https:\/\/demo.balikucreative.com\/bello\/wp-content\/plugins\/essential-addons-for-elementor-lite\/assets\/front-end\/img\/play-icon.png",
                                            "id": ""
                                        },
                                        "eael_fg_gallery_lightbox": "true",
                                        "eael_fg_gallery_link": "true",
                                        "eael_fg_gallery_img_link": {
                                            "url": "#",
                                            "is_external": "",
                                            "nofollow": "",
                                            "custom_attributes": ""
                                        },
                                        "_id": "96fe5df"
                                    },
                                    {
                                        "eael_fg_gallery_item_name": "",
                                        "fg_video_gallery_switch": "false",
                                        "eael_fg_gallery_item_video_link": "https:\/\/www.youtube.com\/watch?v=kB4U67tiQLA",
                                        "eael_fg_gallery_control_name": "",
                                        "fg_item_price_switch": "false",
                                        "fg_item_price": "$20.00",
                                        "fg_item_ratings_switch": "false",
                                        "fg_item_ratings": "5",
                                        "fg_item_cat_switch": "false",
                                        "fg_item_cat": "Essential Addons",
                                        "eael_fg_gallery_item_content": "",
                                        "eael_fg_gallery_img": {
                                            "url": "https:\/\/demo.balikucreative.com\/bello\/wp-content\/uploads\/2020\/12\/dallas-texas_t20_rO80EX.jpg",
                                            "id": 1510
                                        },
                                        "fg_video_gallery_play_icon": {
                                            "url": "https:\/\/demo.balikucreative.com\/bello\/wp-content\/plugins\/essential-addons-for-elementor-lite\/assets\/front-end\/img\/play-icon.png",
                                            "id": ""
                                        },
                                        "eael_fg_gallery_lightbox": "true",
                                        "eael_fg_gallery_link": "true",
                                        "eael_fg_gallery_img_link": {
                                            "url": "#",
                                            "is_external": "",
                                            "nofollow": "",
                                            "custom_attributes": ""
                                        },
                                        "_id": "ff4f13f"
                                    },
                                    {
                                        "eael_fg_gallery_item_name": "",
                                        "fg_video_gallery_switch": "false",
                                        "eael_fg_gallery_item_video_link": "https:\/\/www.youtube.com\/watch?v=kB4U67tiQLA",
                                        "eael_fg_gallery_control_name": "",
                                        "fg_item_price_switch": "false",
                                        "fg_item_price": "$20.00",
                                        "fg_item_ratings_switch": "false",
                                        "fg_item_ratings": "5",
                                        "fg_item_cat_switch": "false",
                                        "fg_item_cat": "Essential Addons",
                                        "eael_fg_gallery_item_content": "",
                                        "eael_fg_gallery_img": {
                                            "url": "https:\/\/demo.balikucreative.com\/bello\/wp-content\/uploads\/2020\/12\/sunset-nyc-nominated_t20_noJvlO.jpg",
                                            "id": 1529
                                        },
                                        "fg_video_gallery_play_icon": {
                                            "url": "https:\/\/demo.balikucreative.com\/bello\/wp-content\/plugins\/essential-addons-for-elementor-lite\/assets\/front-end\/img\/play-icon.png",
                                            "id": ""
                                        },
                                        "eael_fg_gallery_lightbox": "true",
                                        "eael_fg_gallery_link": "true",
                                        "eael_fg_gallery_img_link": {
                                            "url": "#",
                                            "is_external": "",
                                            "nofollow": "",
                                            "custom_attributes": ""
                                        },
                                        "_id": "e972984"
                                    }
                                ],
                                "pagination": "",
                                "images_per_page": 6,
                                "load_more_text": "Load More",
                                "nomore_items_text": "No more items!",
                                "eael_fg_bg_color": "",
                                "eael_fg_container_padding": {
                                    "unit": "px",
                                    "top": "0",
                                    "right": "0",
                                    "bottom": "0",
                                    "left": "0",
                                    "isLinked": true
                                },
                                "eael_fg_item_container_padding": {
                                    "unit": "px",
                                    "top": "5",
                                    "right": "5",
                                    "bottom": "5",
                                    "left": "5",
                                    "isLinked": true
                                },
                                "eael_fg_item_container_margin": {
                                    "unit": "px",
                                    "top": "0",
                                    "right": "0",
                                    "bottom": "0",
                                    "left": "0",
                                    "isLinked": true
                                },
                                "eael_fg_video_item_icon_hover_scale": "1.1",
                                "fg_sf_placeholder": "Search Gallery Item..."
                            },
                            "elements": [],
                            "isInner": false,
                            "widgetType": "eael-filterable-gallery",
                            "elType": "widget"
                        }
                    ],
                    "isInner": false,
                    "elType": "column"
                }
            ],
            "isInner": false,
            "elType": "section"
        },
        {
            "id": "77254d41",
            "settings": {
                "structure": "20",
                "background_background": "classic",
                "__globals__": {
                    "background_color": "globals\/colors?id=text"
                },
                "padding": {
                    "unit": "px",
                    "top": "20",
                    "right": "20",
                    "bottom": "20",
                    "left": "20",
                    "isLinked": true
                },
                "animation": "none"
            },
            "elements": [
                {
                    "id": "21a8af89",
                    "settings": {
                        "_column_size": 50,
                        "_inline_size": null,
                        "content_position": "center",
                        "space_between_widgets": 0,
                        "margin": {
                            "unit": "px",
                            "top": "0",
                            "right": "0",
                            "bottom": "0",
                            "left": "0",
                            "isLinked": true
                        },
                        "padding": {
                            "unit": "px",
                            "top": "0",
                            "right": "0",
                            "bottom": "0",
                            "left": "0",
                            "isLinked": true
                        }
                    },
                    "elements": [
                        {
                            "id": "18aa7757",
                            "settings": {
                                "title": "Real Estate Template Kit by BalikuCreative",
                                "align": "left",
                                "typography_typography": "custom",
                                "typography_font_family": "Open Sans",
                                "typography_font_size": {
                                    "unit": "px",
                                    "size": 14,
                                    "sizes": []
                                },
                                "typography_font_weight": "300",
                                "__globals__": {
                                    "title_color": "globals\/colors?id=e824321"
                                },
                                "align_mobile": "center",
                                "_padding_mobile": {
                                    "unit": "px",
                                    "top": "5",
                                    "right": "5",
                                    "bottom": "5",
                                    "left": "5",
                                    "isLinked": true
                                }
                            },
                            "elements": [],
                            "isInner": false,
                            "widgetType": "heading",
                            "elType": "widget"
                        }
                    ],
                    "isInner": false,
                    "elType": "column"
                },
                {
                    "id": "422c40b2",
                    "settings": {
                        "_column_size": 50,
                        "_inline_size": null,
                        "content_position": "center",
                        "space_between_widgets": 0,
                        "margin": {
                            "unit": "px",
                            "top": "0",
                            "right": "0",
                            "bottom": "0",
                            "left": "0",
                            "isLinked": true
                        },
                        "padding": {
                            "unit": "px",
                            "top": "0",
                            "right": "0",
                            "bottom": "0",
                            "left": "0",
                            "isLinked": true
                        }
                    },
                    "elements": [
                        {
                            "id": "430167e",
                            "settings": {
                                "title": "Copyright \u00a9 2020. All rights reserved. ",
                                "align": "right",
                                "typography_typography": "custom",
                                "typography_font_family": "Open Sans",
                                "typography_font_size": {
                                    "unit": "px",
                                    "size": 14,
                                    "sizes": []
                                },
                                "typography_font_weight": "300",
                                "__globals__": {
                                    "title_color": "globals\/colors?id=e824321"
                                },
                                "align_mobile": "center",
                                "_padding_mobile": {
                                    "unit": "px",
                                    "top": "5",
                                    "right": "5",
                                    "bottom": "5",
                                    "left": "5",
                                    "isLinked": true
                                }
                            },
                            "elements": [],
                            "isInner": false,
                            "widgetType": "heading",
                            "elType": "widget"
                        }
                    ],
                    "isInner": false,
                    "elType": "column"
                }
            ],
            "isInner": false,
            "elType": "section"
        }
    ],
    "page_settings": {
        "eael_ext_toc_title": "Table of Contents",
        "template": "elementor_canvas"
    }
}