{
    "version": "0.4",
    "title": "Global Kit Styles",
    "type": "section",
    "metadata": {
        "template_type": "global-styles",
        "include_in_zip": "1",
        "elementor_pro_required": null,
        "additional_template_information": [
            "These are the global theme styles configured through the Elementor Theme Styles area."
        ],
        "wp_page_template": "default"
    },
    "content": [],
    "page_settings": {
        "system_colors": [
            {
                "_id": "primary",
                "title": "Primary",
                "color": "#FFC006"
            },
            {
                "_id": "secondary",
                "title": "Secondary",
                "color": "#54595F"
            },
            {
                "_id": "text",
                "title": "Text",
                "color": "#151515"
            },
            {
                "_id": "accent",
                "title": "Accent",
                "color": "#61CE7000"
            }
        ],
        "custom_colors": [
            {
                "_id": "e824321",
                "title": "White",
                "color": "#FFFFFF"
            },
            {
                "_id": "f14a116",
                "title": "Accent Black",
                "color": "#282828"
            },
            {
                "_id": "7471ddd",
                "title": "Accent Yellow",
                "color": "#F2B709"
            },
            {
                "_id": "9ee5431",
                "title": "Accent Grey",
                "color": "#F5F5F5"
            }
        ],
        "system_typography": [
            {
                "_id": "primary",
                "title": "Primary",
                "typography_typography": "custom",
                "typography_font_family": "Oswald",
                "typography_font_weight": "600"
            },
            {
                "_id": "secondary",
                "title": "Secondary",
                "typography_typography": "custom",
                "typography_font_family": "Open Sans",
                "typography_font_weight": "400"
            },
            {
                "_id": "text",
                "title": "Text",
                "typography_typography": "custom",
                "typography_font_family": "Open Sans",
                "typography_font_weight": "400"
            },
            {
                "_id": "accent",
                "title": "Accent",
                "typography_typography": "custom",
                "typography_font_family": "Open Sans",
                "typography_font_weight": "500"
            }
        ],
        "custom_typography": [],
        "default_generic_fonts": "Sans-serif",
        "site_name": "Bello ",
        "site_description": "Real Estate",
        "page_title_selector": "h1.entry-title",
        "activeItemIndex": 1,
        "body_typography_typography": "custom",
        "body_typography_font_family": "Open Sans",
        "link_normal_typography_typography": "custom",
        "link_normal_typography_font_family": "Oswald",
        "h1_typography_typography": "custom",
        "h1_typography_font_family": "Oswald",
        "h2_typography_typography": "custom",
        "h2_typography_font_family": "Oswald",
        "h3_typography_typography": "custom",
        "h3_typography_font_family": "Oswald",
        "h4_typography_typography": "custom",
        "h4_typography_font_family": "Oswald",
        "h5_typography_typography": "custom",
        "h5_typography_font_family": "Oswald",
        "h6_typography_typography": "custom",
        "h6_typography_font_family": "Oswald",
        "body_color": "#151515",
        "body_typography_font_size": {
            "unit": "px",
            "size": 14,
            "sizes": []
        },
        "link_normal_color": "#FFC006",
        "h1_color": "#FFC006",
        "h1_typography_font_size": {
            "unit": "px",
            "size": 42,
            "sizes": []
        },
        "h2_color": "#FFC006",
        "h2_typography_font_size": {
            "unit": "px",
            "size": 32,
            "sizes": []
        },
        "h3_color": "#FFC006",
        "h3_typography_font_size": {
            "unit": "px",
            "size": 22,
            "sizes": []
        },
        "h4_color": "#FFC006",
        "h4_typography_font_size": {
            "unit": "px",
            "size": 18,
            "sizes": []
        },
        "h5_color": "#FFC006",
        "h5_typography_font_size": {
            "unit": "px",
            "size": 14,
            "sizes": []
        },
        "h6_color": "#FFC006",
        "h6_typography_font_size": {
            "unit": "px",
            "size": 12,
            "sizes": []
        },
        "button_typography_typography": "custom",
        "button_typography_font_family": "Open Sans",
        "button_typography_font_size": {
            "unit": "px",
            "size": 14,
            "sizes": []
        },
        "button_typography_font_weight": "400",
        "button_border_radius": {
            "unit": "px",
            "top": "0",
            "right": "0",
            "bottom": "0",
            "left": "0",
            "isLinked": true
        },
        "button_hover_border_radius": {
            "unit": "px",
            "top": "0",
            "right": "0",
            "bottom": "0",
            "left": "0",
            "isLinked": true
        },
        "__globals__": {
            "body_color": "",
            "link_normal_color": "",
            "button_typography_typography": "",
            "button_text_color": "globals\/colors?id=text",
            "button_hover_text_color": "globals\/colors?id=text",
            "button_background_color": "globals\/colors?id=e824321",
            "button_hover_background_color": "globals\/colors?id=e824321",
            "button_hover_border_color": "globals\/colors?id=7471ddd",
            "button_border_color": "globals\/colors?id=primary"
        },
        "button_border_border": "solid",
        "button_border_width": {
            "unit": "px",
            "top": "5",
            "right": "5",
            "bottom": "5",
            "left": "5",
            "isLinked": true
        },
        "button_hover_border_border": "solid",
        "button_hover_border_width": {
            "unit": "px",
            "top": "5",
            "right": "5",
            "bottom": "5",
            "left": "5",
            "isLinked": true
        }
    }
}