{
    "version": "0.4",
    "title": "Header",
    "type": "section",
    "metadata": {
        "template_type": "section-header",
        "include_in_zip": "1",
        "elementor_pro_required": null,
        "wp_page_template": "elementor_canvas"
    },
    "content": [
        {
            "id": "438ffc85",
            "settings": {
                "structure": "20",
                "background_background": "classic",
                "margin": {
                    "unit": "px",
                    "top": "0",
                    "right": 0,
                    "bottom": "0",
                    "left": 0,
                    "isLinked": true
                },
                "padding": {
                    "unit": "px",
                    "top": "0",
                    "right": "0",
                    "bottom": "0",
                    "left": "0",
                    "isLinked": true
                },
                "__globals__": {
                    "background_color": "globals\/colors?id=f14a116"
                },
                "animation": "none",
                "hide_mobile": "hidden-phone"
            },
            "elements": [
                {
                    "id": "285e4652",
                    "settings": {
                        "_column_size": 50,
                        "_inline_size": 90.965,
                        "content_position": "center",
                        "space_between_widgets": 0,
                        "margin": {
                            "unit": "px",
                            "top": "0",
                            "right": "0",
                            "bottom": "0",
                            "left": "0",
                            "isLinked": true
                        },
                        "padding": {
                            "unit": "px",
                            "top": "0",
                            "right": "0",
                            "bottom": "0",
                            "left": "0",
                            "isLinked": true
                        }
                    },
                    "elements": [
                        {
                            "id": "29ccab68",
                            "settings": {
                                "view": "inline",
                                "icon_list": [
                                    {
                                        "text": "Jl. Raya Goa Gajah, Bali 80571",
                                        "selected_icon": {
                                            "value": "icon icon-map-marker1",
                                            "library": "ekiticons"
                                        },
                                        "_id": "f8ae148"
                                    },
                                    {
                                        "text": "info@domain.com",
                                        "selected_icon": {
                                            "value": "icon icon-mail",
                                            "library": "ekiticons"
                                        },
                                        "_id": "67dfc6f"
                                    },
                                    {
                                        "text": "+62 85739 403",
                                        "selected_icon": {
                                            "value": "icon icon-phone-call",
                                            "library": "ekiticons"
                                        },
                                        "_id": "2ee3572"
                                    }
                                ],
                                "space_between": {
                                    "unit": "px",
                                    "size": 30,
                                    "sizes": []
                                },
                                "icon_align": "left",
                                "icon_typography_typography": "custom",
                                "icon_typography_font_family": "Open Sans",
                                "icon_typography_font_size": {
                                    "unit": "px",
                                    "size": 12,
                                    "sizes": []
                                },
                                "__globals__": {
                                    "icon_color": "globals\/colors?id=primary",
                                    "text_color": "globals\/colors?id=e824321"
                                }
                            },
                            "elements": [],
                            "isInner": false,
                            "widgetType": "icon-list",
                            "elType": "widget"
                        }
                    ],
                    "isInner": false,
                    "elType": "column"
                },
                {
                    "id": "146673b",
                    "settings": {
                        "_column_size": 50,
                        "_inline_size": 8.817,
                        "content_position": "center",
                        "space_between_widgets": 0,
                        "margin": {
                            "unit": "px",
                            "top": "0",
                            "right": "0",
                            "bottom": "0",
                            "left": "0",
                            "isLinked": true
                        },
                        "padding": {
                            "unit": "px",
                            "top": "0",
                            "right": "25",
                            "bottom": "0",
                            "left": "25",
                            "isLinked": false
                        }
                    },
                    "elements": [
                        {
                            "id": "7e35a2ed",
                            "settings": {
                                "ekit_search_placeholder_text": "Search...",
                                "ekit_search_icons": {
                                    "value": "icon icon-search11",
                                    "library": "ekiticons"
                                },
                                "ekit_search_icon_font_size": {
                                    "unit": "px",
                                    "size": 14,
                                    "sizes": []
                                },
                                "ekit_search_margin": {
                                    "unit": "px",
                                    "top": "0",
                                    "right": "0",
                                    "bottom": "0",
                                    "left": "0",
                                    "isLinked": true
                                },
                                "ekit_search_icon_text_align": "right",
                                "_margin": {
                                    "unit": "px",
                                    "top": "0",
                                    "right": "0",
                                    "bottom": "0",
                                    "left": "0",
                                    "isLinked": true
                                },
                                "_padding": {
                                    "unit": "px",
                                    "top": "0",
                                    "right": "0",
                                    "bottom": "0",
                                    "left": "0",
                                    "isLinked": true
                                },
                                "__globals__": {
                                    "ekit_searech_icon_color": "globals\/colors?id=e824321",
                                    "ekit_searech_icon_hover_color": "globals\/colors?id=primary"
                                }
                            },
                            "elements": [],
                            "isInner": false,
                            "widgetType": "elementskit-header-search",
                            "elType": "widget"
                        }
                    ],
                    "isInner": false,
                    "elType": "column"
                }
            ],
            "isInner": false,
            "elType": "section"
        },
        {
            "id": "681acb5d",
            "settings": {
                "layout": "full_width",
                "custom_height": {
                    "unit": "px",
                    "size": 500,
                    "sizes": []
                },
                "custom_height_tablet": {
                    "unit": "px",
                    "size": 330,
                    "sizes": []
                },
                "custom_height_mobile": {
                    "unit": "px",
                    "size": 350,
                    "sizes": []
                },
                "column_position": "top",
                "content_position": "top",
                "background_slideshow_gallery": [
                    {
                        "id": 223,
                        "url": "https:\/\/demo.balikucreative.com\/bello\/wp-content\/uploads\/2020\/05\/urban-architecture-skyscapers_t20_2J1OaP.jpg"
                    },
                    {
                        "id": 240,
                        "url": "https:\/\/demo.balikucreative.com\/bello\/wp-content\/uploads\/2020\/04\/chicago_t20_EP2kr4.jpg"
                    }
                ],
                "background_slideshow_transition_duration": 1500,
                "background_slideshow_background_size": "cover",
                "background_slideshow_background_position": "bottom center",
                "background_slideshow_ken_burns": "yes",
                "background_overlay_background": "classic",
                "background_overlay_color": "#000000",
                "background_overlay_opacity": {
                    "unit": "px",
                    "size": 0.6,
                    "sizes": []
                },
                "shape_divider_bottom_color": "#FFFFFF",
                "shape_divider_bottom_width": {
                    "unit": "%",
                    "size": 261,
                    "sizes": []
                },
                "shape_divider_bottom_height": {
                    "unit": "px",
                    "size": 50,
                    "sizes": []
                },
                "shape_divider_bottom_flip": "yes",
                "shape_divider_bottom_above_content": "yes",
                "margin": {
                    "unit": "px",
                    "top": "0",
                    "right": 0,
                    "bottom": "0",
                    "left": 0,
                    "isLinked": true
                },
                "padding": {
                    "unit": "px",
                    "top": "0",
                    "right": "0",
                    "bottom": "0",
                    "left": "0",
                    "isLinked": true
                },
                "z_index": 1,
                "background_image": {
                    "url": "https:\/\/demo.balikucreative.com\/bello\/wp-content\/uploads\/2020\/05\/attractive-business-woman-having-fun-while-working_t20_WxLZP1.jpg",
                    "id": 325
                },
                "background_position": "top center",
                "background_size": "cover"
            },
            "elements": [
                {
                    "id": "111880b0",
                    "settings": {
                        "_column_size": 100,
                        "_inline_size": null,
                        "margin": {
                            "unit": "px",
                            "top": "0",
                            "right": "0",
                            "bottom": "0",
                            "left": "0",
                            "isLinked": true
                        },
                        "padding": {
                            "unit": "px",
                            "top": "0",
                            "right": "0",
                            "bottom": "0",
                            "left": "0",
                            "isLinked": true
                        }
                    },
                    "elements": [
                        {
                            "id": "7ccc578",
                            "settings": {
                                "structure": "30",
                                "background_background": "classic",
                                "background_color": "#1515152E",
                                "margin": {
                                    "unit": "px",
                                    "top": "0",
                                    "right": 0,
                                    "bottom": "0",
                                    "left": 0,
                                    "isLinked": true
                                },
                                "padding": {
                                    "unit": "px",
                                    "top": "0",
                                    "right": "0",
                                    "bottom": "0",
                                    "left": "0",
                                    "isLinked": true
                                },
                                "animation": "fadeInDown",
                                "custom_height_inner": {
                                    "unit": "px",
                                    "size": 0,
                                    "sizes": []
                                },
                                "border_border": "solid",
                                "border_width": {
                                    "unit": "px",
                                    "top": "0",
                                    "right": "0",
                                    "bottom": "1",
                                    "left": "0",
                                    "isLinked": false
                                },
                                "border_color": "#15151573",
                                "__globals__": {
                                    "border_color": ""
                                }
                            },
                            "elements": [
                                {
                                    "id": "5528f59",
                                    "settings": {
                                        "_column_size": 33,
                                        "_inline_size": 12,
                                        "content_position": "center",
                                        "margin": {
                                            "unit": "px",
                                            "top": "0",
                                            "right": "0",
                                            "bottom": "0",
                                            "left": "0",
                                            "isLinked": true
                                        },
                                        "padding": {
                                            "unit": "px",
                                            "top": "0",
                                            "right": "0",
                                            "bottom": "0",
                                            "left": "0",
                                            "isLinked": false
                                        },
                                        "space_between_widgets": 0,
                                        "_inline_size_mobile": 50
                                    },
                                    "elements": [
                                        {
                                            "id": "192b210e",
                                            "settings": {
                                                "site_logo_fallback": "yes",
                                                "custom_image": {
                                                    "url": "https:\/\/demo.balikucreative.com\/bello\/wp-content\/uploads\/2020\/12\/bello-01-4.png",
                                                    "id": 1281
                                                },
                                                "site_logo_size_size": "full",
                                                "site_logo_size_custom_dimension": {
                                                    "width": "100",
                                                    "height": "30"
                                                },
                                                "align": "left",
                                                "__globals__": {
                                                    "site_logo_background_color": ""
                                                },
                                                "_margin": {
                                                    "unit": "px",
                                                    "top": "0",
                                                    "right": "0",
                                                    "bottom": "0",
                                                    "left": "0",
                                                    "isLinked": true
                                                },
                                                "_padding": {
                                                    "unit": "px",
                                                    "top": "0",
                                                    "right": "0",
                                                    "bottom": "0",
                                                    "left": "0",
                                                    "isLinked": true
                                                },
                                                "_padding_mobile": {
                                                    "unit": "px",
                                                    "top": "0",
                                                    "right": "90",
                                                    "bottom": "0",
                                                    "left": "12",
                                                    "isLinked": false
                                                },
                                                "_padding_tablet": {
                                                    "unit": "px",
                                                    "top": "0",
                                                    "right": "0",
                                                    "bottom": "0",
                                                    "left": "05",
                                                    "isLinked": false
                                                }
                                            },
                                            "elements": [],
                                            "isInner": false,
                                            "widgetType": "site-logo",
                                            "elType": "widget"
                                        }
                                    ],
                                    "isInner": true,
                                    "elType": "column"
                                },
                                {
                                    "id": "22f0a563",
                                    "settings": {
                                        "_column_size": 33,
                                        "_inline_size": 70,
                                        "content_position": "center",
                                        "margin": {
                                            "unit": "px",
                                            "top": "0",
                                            "right": "0",
                                            "bottom": "0",
                                            "left": "0",
                                            "isLinked": true
                                        },
                                        "padding": {
                                            "unit": "px",
                                            "top": "0",
                                            "right": "0",
                                            "bottom": "0",
                                            "left": "0",
                                            "isLinked": true
                                        },
                                        "space_between_widgets": 0,
                                        "_inline_size_mobile": 50
                                    },
                                    "elements": [
                                        {
                                            "id": "78000106",
                                            "settings": {
                                                "menu": "primary",
                                                "navmenu_align": "right",
                                                "submenu_icon": "plus",
                                                "padding_vertical_menu_item": {
                                                    "unit": "px",
                                                    "size": 30,
                                                    "sizes": []
                                                },
                                                "menu_typography_typography": "custom",
                                                "menu_typography_font_family": "Open Sans",
                                                "menu_typography_font_weight": "400",
                                                "background_color_dropdown_item": "#151515A8",
                                                "_background_color": "#15151573",
                                                "__globals__": {
                                                    "menu_typography_typography": "",
                                                    "color_menu_item": "globals\/colors?id=e824321",
                                                    "background_color_dropdown_item": "",
                                                    "_background_color": "",
                                                    "color_menu_item_active": "globals\/colors?id=primary",
                                                    "color_menu_item_hover": "globals\/colors?id=primary",
                                                    "toggle_color": "globals\/colors?id=1d351362"
                                                },
                                                "menu_typography_font_size": {
                                                    "unit": "px",
                                                    "size": 14,
                                                    "sizes": []
                                                },
                                                "dropdown_typography_typography": "custom",
                                                "dropdown_typography_font_size": {
                                                    "unit": "px",
                                                    "size": 13,
                                                    "sizes": []
                                                },
                                                "_padding": {
                                                    "unit": "px",
                                                    "top": "0",
                                                    "right": "10",
                                                    "bottom": "0",
                                                    "left": "10",
                                                    "isLinked": false
                                                },
                                                "divider_border_color": "#232323",
                                                "toggle_size": {
                                                    "unit": "px",
                                                    "size": 14,
                                                    "sizes": []
                                                },
                                                "schema_support": "",
                                                "resp_align": "right",
                                                "submenu_animation": "slide_up",
                                                "_padding_mobile": {
                                                    "unit": "px",
                                                    "top": "12",
                                                    "right": "12",
                                                    "bottom": "12",
                                                    "left": "12",
                                                    "isLinked": true
                                                },
                                                "color_menu_item_hover": "#FFC006",
                                                "color_menu_item_active": "#FFC006"
                                            },
                                            "elements": [],
                                            "isInner": false,
                                            "widgetType": "navigation-menu",
                                            "elType": "widget"
                                        }
                                    ],
                                    "isInner": true,
                                    "elType": "column"
                                },
                                {
                                    "id": "598f9bba",
                                    "settings": {
                                        "_column_size": 33,
                                        "_inline_size": 17.642,
                                        "content_position": "center",
                                        "margin": {
                                            "unit": "px",
                                            "top": "0",
                                            "right": "0",
                                            "bottom": "0",
                                            "left": "0",
                                            "isLinked": true
                                        },
                                        "padding": {
                                            "unit": "px",
                                            "top": "0",
                                            "right": "0",
                                            "bottom": "0",
                                            "left": "0",
                                            "isLinked": true
                                        },
                                        "space_between_widgets": 0,
                                        "hide_mobile": "hidden-phone"
                                    },
                                    "elements": [
                                        {
                                            "id": "26457e48",
                                            "settings": {
                                                "ekit_socialmedai_list_align": "right",
                                                "ekit_socialmedia_add_icons": [
                                                    {
                                                        "ekit_socialmedia_label": "Facebook",
                                                        "ekit_socialmedia_icon_hover_bg_color": "",
                                                        "_id": "eba2fd3",
                                                        "ekit_socialmedia_link": {
                                                            "url": "#",
                                                            "is_external": "",
                                                            "nofollow": "",
                                                            "custom_attributes": ""
                                                        },
                                                        "__globals__": {
                                                            "ekit_socialmedia_icon_color": "globals\/colors?id=e824321",
                                                            "ekit_socialmedia_icon_hover_color": "globals\/colors?id=primary"
                                                        }
                                                    },
                                                    {
                                                        "ekit_socialmedia_icons": {
                                                            "value": "icon icon-twitter",
                                                            "library": "ekiticons"
                                                        },
                                                        "ekit_socialmedia_label": "Twitter",
                                                        "ekit_socialmedia_icon_hover_bg_color": "",
                                                        "ekit_socialmedia_link": {
                                                            "url": "#",
                                                            "is_external": "",
                                                            "nofollow": "",
                                                            "custom_attributes": ""
                                                        },
                                                        "_id": "81a2e9a",
                                                        "__globals__": {
                                                            "ekit_socialmedia_icon_color": "globals\/colors?id=e824321",
                                                            "ekit_socialmedia_icon_hover_color": "globals\/colors?id=primary"
                                                        }
                                                    },
                                                    {
                                                        "ekit_socialmedia_icons": {
                                                            "value": "fab fa-behance",
                                                            "library": "fa-brands"
                                                        },
                                                        "ekit_socialmedia_label": "behance",
                                                        "ekit_socialmedia_icon_hover_bg_color": "",
                                                        "_id": "fa3807e",
                                                        "ekit_socialmedia_link": {
                                                            "url": "#",
                                                            "is_external": "",
                                                            "nofollow": "",
                                                            "custom_attributes": ""
                                                        },
                                                        "__globals__": {
                                                            "ekit_socialmedia_icon_color": "globals\/colors?id=e824321",
                                                            "ekit_socialmedia_icon_hover_color": "globals\/colors?id=primary"
                                                        }
                                                    },
                                                    {
                                                        "ekit_socialmedia_icons": {
                                                            "value": "fab fa-pinterest-p",
                                                            "library": "fa-brands"
                                                        },
                                                        "ekit_socialmedia_label": "pinterest",
                                                        "ekit_socialmedia_icon_hover_bg_color": "",
                                                        "ekit_socialmedia_link": {
                                                            "url": "#",
                                                            "is_external": "",
                                                            "nofollow": "",
                                                            "custom_attributes": ""
                                                        },
                                                        "_id": "72d0db6",
                                                        "__globals__": {
                                                            "ekit_socialmedia_icon_color": "globals\/colors?id=e824321",
                                                            "ekit_socialmedia_icon_hover_color": "globals\/colors?id=primary"
                                                        }
                                                    }
                                                ],
                                                "ekit_socialmedai_list_item_align": "right",
                                                "ekit_socialmedai_list_icon_size": {
                                                    "unit": "px",
                                                    "size": 14,
                                                    "sizes": []
                                                },
                                                "ekit_socialmedai_list_width": {
                                                    "unit": "px",
                                                    "size": 15,
                                                    "sizes": []
                                                },
                                                "ekit_socialmedai_list_align_mobile": "center",
                                                "ekit_socialmedai_list_typography_typography": "custom",
                                                "ekit_socialmedai_list_typography_font_family": "Oswald",
                                                "ekit_socialmedai_list_typography_font_weight": "600"
                                            },
                                            "elements": [],
                                            "isInner": false,
                                            "widgetType": "elementskit-social-media",
                                            "elType": "widget"
                                        }
                                    ],
                                    "isInner": true,
                                    "elType": "column"
                                }
                            ],
                            "isInner": true,
                            "elType": "section"
                        }
                    ],
                    "isInner": false,
                    "elType": "column"
                }
            ],
            "isInner": false,
            "elType": "section"
        }
    ],
    "page_settings": {
        "eael_ext_toc_title": "Table of Contents",
        "template": "elementor_canvas"
    }
}